{"cameraMode":{"drawMode":0,"name":"Shaded","section":"Shading Mode"},"sceneLighting":true,"audioPlay":false,"sceneViewState":{"m_AlwaysRefresh":false,"showFog":true,"showSkybox":true,"showFlares":true,"showImageEffects":true,"showParticleSystems":true,"showVisualEffectGraphs":true,"m_FxEnabled":false},"in2DMode":false,"pivot":{"x":1.187565803527832,"y":-0.9645338654518127,"z":0.04174923896789551},"rotation":{"x":-0.0004247201432008296,"y":0.9875704050064087,"z":-0.15715499222278596,"w":-0.0026651599910110237},"size":1.200190782546997,"orthographic":false}